ID,name,region,email,loyaltyTier,createdAt,createdBy,modifiedAt,modifiedBy
57768119-992e-44ba-b644-de388e127963,name-5776811,region-5776811,email-5776811,loyaltyTier-5776811,2013-12-17T00:00:00.000Z,createdBy.3ftez@example.org,2016-02-20T00:00:00.000Z,modifiedBy.3ftez@example.org
57768122-b703-4737-9967-4d275796701c,name-5776812,region-5776812,email-5776812,loyaltyTier-5776812,2022-05-10T00:00:00.000Z,createdBy.3ftf0@example.org,2011-12-18T00:00:00.000Z,modifiedBy.3ftf0@example.org
57768137-0ad9-4f93-be97-13ad44f380e5,name-5776813,region-5776813,email-5776813,loyaltyTier-5776813,2018-07-13T00:00:00.000Z,createdBy.3ftf1@example.net,2008-06-29T00:00:00.000Z,modifiedBy.3ftf1@example.org
5776814d-6e80-4408-bf51-5eb9f30855d8,name-5776814,region-5776814,email-5776814,loyaltyTier-5776814,2018-09-04T00:00:00.000Z,createdBy.3ftf2@example.net,2000-05-13T00:00:00.000Z,modifiedBy.3ftf2@example.com
5776815b-e3ce-48ec-85f0-eb41d4fd3cbe,name-5776815,region-5776815,email-5776815,loyaltyTier-5776815,2005-07-27T00:00:00.000Z,createdBy.3ftf3@example.org,2014-01-24T00:00:00.000Z,modifiedBy.3ftf3@example.net
5776816b-b47c-4df0-90ea-6348a86de64e,name-5776816,region-5776816,email-5776816,loyaltyTier-5776816,2015-08-04T00:00:00.000Z,createdBy.3ftf4@example.net,2019-06-06T00:00:00.000Z,modifiedBy.3ftf4@example.com
5776817e-45f3-4269-9693-29b0c1052b30,name-5776817,region-5776817,email-5776817,loyaltyTier-5776817,2010-11-02T00:00:00.000Z,createdBy.3ftf5@example.org,2021-08-08T00:00:00.000Z,modifiedBy.3ftf5@example.com
57768188-c76f-48a7-871e-52de41f6e891,name-5776818,region-5776818,email-5776818,loyaltyTier-5776818,2006-05-28T00:00:00.000Z,createdBy.3ftf6@example.com,2016-10-29T00:00:00.000Z,modifiedBy.3ftf6@example.org
5776819d-10d8-408e-877c-b3e07ab69945,name-5776819,region-5776819,email-5776819,loyaltyTier-5776819,2022-03-21T00:00:00.000Z,createdBy.3ftf7@example.com,2018-08-03T00:00:00.000Z,modifiedBy.3ftf7@example.com
57768207-c8f7-4b02-8f18-3733b5f0420e,name-5776820,region-5776820,email-5776820,loyaltyTier-5776820,2002-07-06T00:00:00.000Z,createdBy.3ftf8@example.com,2012-01-03T00:00:00.000Z,modifiedBy.3ftf8@example.net
5776821a-42f3-40ce-a461-307848c59ec1,name-5776821,region-5776821,email-5776821,loyaltyTier-5776821,2019-06-05T00:00:00.000Z,createdBy.3ftf9@example.org,2000-10-23T00:00:00.000Z,modifiedBy.3ftf9@example.org
5776822d-a202-46ca-b884-0d1ee5d6c016,name-5776822,region-5776822,email-5776822,loyaltyTier-5776822,2016-08-01T00:00:00.000Z,createdBy.3ftfa@example.com,2005-04-16T00:00:00.000Z,modifiedBy.3ftfa@example.net
5776823c-7a73-4ff2-ac3b-75af8008f7c1,name-5776823,region-5776823,email-5776823,loyaltyTier-5776823,2016-07-14T00:00:00.000Z,createdBy.3ftfb@example.org,2018-11-26T00:00:00.000Z,modifiedBy.3ftfb@example.net
5776824c-25c0-4693-8aca-de7b7e7661c9,name-5776824,region-5776824,email-5776824,loyaltyTier-5776824,2001-11-08T00:00:00.000Z,createdBy.3ftfc@example.net,2016-10-14T00:00:00.000Z,modifiedBy.3ftfc@example.net
57768259-26d5-4a4b-aae3-3547581b3ebb,name-5776825,region-5776825,email-5776825,loyaltyTier-5776825,2010-11-04T00:00:00.000Z,createdBy.3ftfd@example.com,2022-10-01T00:00:00.000Z,modifiedBy.3ftfd@example.org
57768262-98f9-4ee7-9eb1-055c63aceaa7,name-5776826,region-5776826,email-5776826,loyaltyTier-5776826,2011-07-30T00:00:00.000Z,createdBy.3ftfe@example.com,2015-09-17T00:00:00.000Z,modifiedBy.3ftfe@example.org
57768278-01d5-4621-96e5-a833cd3df96e,name-5776827,region-5776827,email-5776827,loyaltyTier-5776827,2002-05-31T00:00:00.000Z,createdBy.3ftff@example.net,2006-05-06T00:00:00.000Z,modifiedBy.3ftff@example.net
5776828b-ab37-418f-bc45-80ad6e46e277,name-5776828,region-5776828,email-5776828,loyaltyTier-5776828,2010-05-04T00:00:00.000Z,createdBy.3ftfg@example.com,2003-12-19T00:00:00.000Z,modifiedBy.3ftfg@example.net
57768295-7729-49d2-9034-289690355497,name-5776829,region-5776829,email-5776829,loyaltyTier-5776829,2003-05-30T00:00:00.000Z,createdBy.3ftfh@example.com,2011-08-31T00:00:00.000Z,modifiedBy.3ftfh@example.com
57768301-51fd-4688-a0a6-a8cc77657e38,name-5776830,region-5776830,email-5776830,loyaltyTier-5776830,2014-01-04T00:00:00.000Z,createdBy.3ftfi@example.org,2007-05-24T00:00:00.000Z,modifiedBy.3ftfi@example.net
5776831f-8742-41f8-a6d7-add89327e87c,name-5776831,region-5776831,email-5776831,loyaltyTier-5776831,2008-06-30T00:00:00.000Z,createdBy.3ftfj@example.net,2021-06-29T00:00:00.000Z,modifiedBy.3ftfj@example.com
5776832d-9a74-4174-9ce8-3f848996c4cd,name-5776832,region-5776832,email-5776832,loyaltyTier-5776832,2010-11-06T00:00:00.000Z,createdBy.3ftfk@example.net,2023-09-19T00:00:00.000Z,modifiedBy.3ftfk@example.com
57768336-7426-432a-94e1-3486b5914160,name-5776833,region-5776833,email-5776833,loyaltyTier-5776833,2003-07-04T00:00:00.000Z,createdBy.3ftfl@example.net,2007-10-21T00:00:00.000Z,modifiedBy.3ftfl@example.net
5776834e-274c-4fb6-bab7-0886774d1e05,name-5776834,region-5776834,email-5776834,loyaltyTier-5776834,2012-04-27T00:00:00.000Z,createdBy.3ftfm@example.net,2022-09-24T00:00:00.000Z,modifiedBy.3ftfm@example.net
57768355-dcb1-4942-a0b3-3cb92dc3baa7,name-5776835,region-5776835,email-5776835,loyaltyTier-5776835,2011-12-14T00:00:00.000Z,createdBy.3ftfn@example.org,2023-02-18T00:00:00.000Z,modifiedBy.3ftfn@example.net
5776836c-89b8-4975-9397-6f7250f18a4a,name-5776836,region-5776836,email-5776836,loyaltyTier-5776836,2016-06-21T00:00:00.000Z,createdBy.3ftfo@example.com,2005-04-26T00:00:00.000Z,modifiedBy.3ftfo@example.com
57768378-972d-465d-ace1-999ef9e94ef6,name-5776837,region-5776837,email-5776837,loyaltyTier-5776837,2017-10-10T00:00:00.000Z,createdBy.3ftfp@example.com,2021-02-09T00:00:00.000Z,modifiedBy.3ftfp@example.net
5776838c-01a3-4422-aab3-5425f41ff7ac,name-5776838,region-5776838,email-5776838,loyaltyTier-5776838,2019-12-31T00:00:00.000Z,createdBy.3ftfq@example.net,2008-06-06T00:00:00.000Z,modifiedBy.3ftfq@example.net
5776839d-f64d-444b-867b-d6e323065a01,name-5776839,region-5776839,email-5776839,loyaltyTier-5776839,2017-03-15T00:00:00.000Z,createdBy.3ftfr@example.com,2012-04-19T00:00:00.000Z,modifiedBy.3ftfr@example.net
57768404-b6b3-4d8f-ad0e-32004f9bc00c,name-5776840,region-5776840,email-5776840,loyaltyTier-5776840,2022-03-11T00:00:00.000Z,createdBy.3ftfs@example.net,2015-02-23T00:00:00.000Z,modifiedBy.3ftfs@example.com
5776841a-7959-4e02-bf4a-06ca98e6887d,name-5776841,region-5776841,email-5776841,loyaltyTier-5776841,2022-09-05T00:00:00.000Z,createdBy.3ftft@example.com,2000-11-07T00:00:00.000Z,modifiedBy.3ftft@example.net
5776842d-e950-40bc-a5eb-83c7b191e645,name-5776842,region-5776842,email-5776842,loyaltyTier-5776842,2016-10-29T00:00:00.000Z,createdBy.3ftfu@example.org,2006-08-28T00:00:00.000Z,modifiedBy.3ftfu@example.net
5776843a-c633-4c49-86fe-c4312b0c5fd9,name-5776843,region-5776843,email-5776843,loyaltyTier-5776843,2010-11-21T00:00:00.000Z,createdBy.3ftfv@example.com,2001-04-05T00:00:00.000Z,modifiedBy.3ftfv@example.net
57768446-7ddd-4fb1-9330-df881e57f2c6,name-5776844,region-5776844,email-5776844,loyaltyTier-5776844,2011-10-16T00:00:00.000Z,createdBy.3ftfw@example.net,2023-10-22T00:00:00.000Z,modifiedBy.3ftfw@example.com
5776845f-d399-41af-90e1-36fc6958fc05,name-5776845,region-5776845,email-5776845,loyaltyTier-5776845,2001-03-29T00:00:00.000Z,createdBy.3ftfx@example.org,2006-09-24T00:00:00.000Z,modifiedBy.3ftfx@example.org
5776846b-4f06-4c8c-9865-6ecc5cbd26b7,name-5776846,region-5776846,email-5776846,loyaltyTier-5776846,2023-10-15T00:00:00.000Z,createdBy.3ftfy@example.com,2023-10-03T00:00:00.000Z,modifiedBy.3ftfy@example.net
57768471-633d-4502-a11f-e4258cb4450e,name-5776847,region-5776847,email-5776847,loyaltyTier-5776847,2015-01-29T00:00:00.000Z,createdBy.3ftfz@example.net,2023-10-26T00:00:00.000Z,modifiedBy.3ftfz@example.com
57768481-bc2f-4f0a-8e50-13cf235f7e4f,name-5776848,region-5776848,email-5776848,loyaltyTier-5776848,2015-06-23T00:00:00.000Z,createdBy.3ftg0@example.org,2018-03-03T00:00:00.000Z,modifiedBy.3ftg0@example.org
57768491-f828-4254-8ca1-a50cdb16db73,name-5776849,region-5776849,email-5776849,loyaltyTier-5776849,2022-11-25T00:00:00.000Z,createdBy.3ftg1@example.org,2002-10-21T00:00:00.000Z,modifiedBy.3ftg1@example.com
5776850a-d61f-42f8-8d4d-c59ddf178e7e,name-5776850,region-5776850,email-5776850,loyaltyTier-5776850,2004-04-07T00:00:00.000Z,createdBy.3ftg2@example.net,2000-02-24T00:00:00.000Z,modifiedBy.3ftg2@example.net
5776851c-0c0b-45f9-bfca-042b39ed3b32,name-5776851,region-5776851,email-5776851,loyaltyTier-5776851,2013-10-24T00:00:00.000Z,createdBy.3ftg3@example.net,2003-12-27T00:00:00.000Z,modifiedBy.3ftg3@example.net
57768522-90dc-4c8f-bd03-8451496860f2,name-5776852,region-5776852,email-5776852,loyaltyTier-5776852,2000-07-19T00:00:00.000Z,createdBy.3ftg4@example.com,2020-08-16T00:00:00.000Z,modifiedBy.3ftg4@example.net
57768537-8102-4797-bfad-55656aeaee8e,name-5776853,region-5776853,email-5776853,loyaltyTier-5776853,2004-08-06T00:00:00.000Z,createdBy.3ftg5@example.org,2016-06-05T00:00:00.000Z,modifiedBy.3ftg5@example.com
57768546-8de2-4fbd-a730-8af7a50c4dfe,name-5776854,region-5776854,email-5776854,loyaltyTier-5776854,2009-10-15T00:00:00.000Z,createdBy.3ftg6@example.org,2017-07-25T00:00:00.000Z,modifiedBy.3ftg6@example.org
57768551-b15f-4a98-9217-d5b2763741cb,name-5776855,region-5776855,email-5776855,loyaltyTier-5776855,2016-02-26T00:00:00.000Z,createdBy.3ftg7@example.org,2020-11-03T00:00:00.000Z,modifiedBy.3ftg7@example.org
5776856c-8a19-4c08-8498-7176e7cc09be,name-5776856,region-5776856,email-5776856,loyaltyTier-5776856,2016-07-15T00:00:00.000Z,createdBy.3ftg8@example.com,2008-09-19T00:00:00.000Z,modifiedBy.3ftg8@example.org
57768570-eafb-4e97-bae5-2147ef990735,name-5776857,region-5776857,email-5776857,loyaltyTier-5776857,2005-08-22T00:00:00.000Z,createdBy.3ftg9@example.org,2021-02-03T00:00:00.000Z,modifiedBy.3ftg9@example.net
57768582-6f6f-4892-9288-4aad5fe535e2,name-5776858,region-5776858,email-5776858,loyaltyTier-5776858,2010-02-09T00:00:00.000Z,createdBy.3ftga@example.net,2002-08-04T00:00:00.000Z,modifiedBy.3ftga@example.org
57768591-9765-4c25-a44d-7294306b9dd1,name-5776859,region-5776859,email-5776859,loyaltyTier-5776859,2009-11-06T00:00:00.000Z,createdBy.3ftgb@example.org,2007-09-10T00:00:00.000Z,modifiedBy.3ftgb@example.org
57768607-80f7-4101-94d4-db725ba53ef0,name-5776860,region-5776860,email-5776860,loyaltyTier-5776860,2002-02-26T00:00:00.000Z,createdBy.3ftgc@example.net,2016-09-19T00:00:00.000Z,modifiedBy.3ftgc@example.net
5776861a-f4e8-410b-8978-47eeb198ad62,name-5776861,region-5776861,email-5776861,loyaltyTier-5776861,2014-04-08T00:00:00.000Z,createdBy.3ftgd@example.org,2005-08-17T00:00:00.000Z,modifiedBy.3ftgd@example.net
57768623-0cfe-4e77-bb49-9a3f99329cf7,name-5776862,region-5776862,email-5776862,loyaltyTier-5776862,2013-05-07T00:00:00.000Z,createdBy.3ftge@example.net,2023-09-08T00:00:00.000Z,modifiedBy.3ftge@example.com
5776863a-6543-4acd-8760-dde57c7fcae8,name-5776863,region-5776863,email-5776863,loyaltyTier-5776863,2006-08-17T00:00:00.000Z,createdBy.3ftgf@example.org,2021-01-14T00:00:00.000Z,modifiedBy.3ftgf@example.com
57768647-60a2-4415-9a15-3603d804eb26,name-5776864,region-5776864,email-5776864,loyaltyTier-5776864,2011-06-21T00:00:00.000Z,createdBy.3ftgg@example.com,2010-06-05T00:00:00.000Z,modifiedBy.3ftgg@example.net
57768653-9732-41dd-ba65-be64b1838b51,name-5776865,region-5776865,email-5776865,loyaltyTier-5776865,2020-12-17T00:00:00.000Z,createdBy.3ftgh@example.net,2013-08-21T00:00:00.000Z,modifiedBy.3ftgh@example.org
57768663-2a7f-4fdb-b98a-8c0ee53ed36c,name-5776866,region-5776866,email-5776866,loyaltyTier-5776866,2019-03-14T00:00:00.000Z,createdBy.3ftgi@example.org,2008-06-06T00:00:00.000Z,modifiedBy.3ftgi@example.net
57768675-ef5f-499c-87e7-efd53414f18c,name-5776867,region-5776867,email-5776867,loyaltyTier-5776867,2001-09-04T00:00:00.000Z,createdBy.3ftgj@example.com,2021-06-29T00:00:00.000Z,modifiedBy.3ftgj@example.com
57768681-8f57-4811-8e3e-7ce5c2a20a91,name-5776868,region-5776868,email-5776868,loyaltyTier-5776868,2002-04-05T00:00:00.000Z,createdBy.3ftgk@example.net,2022-10-10T00:00:00.000Z,modifiedBy.3ftgk@example.com
57768696-60ce-4f88-9d86-d138b324547b,name-5776869,region-5776869,email-5776869,loyaltyTier-5776869,2018-04-10T00:00:00.000Z,createdBy.3ftgl@example.com,2005-11-21T00:00:00.000Z,modifiedBy.3ftgl@example.org
5776870f-f37a-4b92-b4d1-7eecc57593d9,name-5776870,region-5776870,email-5776870,loyaltyTier-5776870,2014-11-13T00:00:00.000Z,createdBy.3ftgm@example.org,2008-01-17T00:00:00.000Z,modifiedBy.3ftgm@example.com
57768715-c231-407c-8ae6-b60fa00ddbbf,name-5776871,region-5776871,email-5776871,loyaltyTier-5776871,2000-08-03T00:00:00.000Z,createdBy.3ftgn@example.com,2006-12-02T00:00:00.000Z,modifiedBy.3ftgn@example.net
57768726-d682-44ae-bb78-9bb15f8c7f94,name-5776872,region-5776872,email-5776872,loyaltyTier-5776872,2005-11-01T00:00:00.000Z,createdBy.3ftgo@example.org,2013-03-21T00:00:00.000Z,modifiedBy.3ftgo@example.org
5776873e-0b38-4113-aef5-70cdf865f626,name-5776873,region-5776873,email-5776873,loyaltyTier-5776873,2004-04-08T00:00:00.000Z,createdBy.3ftgp@example.net,2008-06-08T00:00:00.000Z,modifiedBy.3ftgp@example.org
5776874d-9a86-4ed6-b5a9-5aae515fd408,name-5776874,region-5776874,email-5776874,loyaltyTier-5776874,2009-07-05T00:00:00.000Z,createdBy.3ftgq@example.net,2022-03-08T00:00:00.000Z,modifiedBy.3ftgq@example.com
5776875d-3c5e-40ec-8246-fd8da8cc04d6,name-5776875,region-5776875,email-5776875,loyaltyTier-5776875,2014-07-29T00:00:00.000Z,createdBy.3ftgr@example.com,2010-02-22T00:00:00.000Z,modifiedBy.3ftgr@example.org
5776876f-6ad5-4367-b569-035a9a203e20,name-5776876,region-5776876,email-5776876,loyaltyTier-5776876,2016-06-06T00:00:00.000Z,createdBy.3ftgs@example.net,2004-07-14T00:00:00.000Z,modifiedBy.3ftgs@example.com
57768773-eb65-43a7-a90c-4b5ce77c6776,name-5776877,region-5776877,email-5776877,loyaltyTier-5776877,2008-03-05T00:00:00.000Z,createdBy.3ftgt@example.net,2003-10-21T00:00:00.000Z,modifiedBy.3ftgt@example.net
5776878f-e235-4be9-95cf-51af3e1fe98e,name-5776878,region-5776878,email-5776878,loyaltyTier-5776878,2000-12-07T00:00:00.000Z,createdBy.3ftgu@example.com,2004-01-10T00:00:00.000Z,modifiedBy.3ftgu@example.net
5776879d-6e37-46de-98ff-7304a5d65d4c,name-5776879,region-5776879,email-5776879,loyaltyTier-5776879,2016-03-15T00:00:00.000Z,createdBy.3ftgv@example.com,2009-11-11T00:00:00.000Z,modifiedBy.3ftgv@example.net
57768804-a157-44fd-b098-602ff77b8f83,name-5776880,region-5776880,email-5776880,loyaltyTier-5776880,2008-02-18T00:00:00.000Z,createdBy.3ftgw@example.com,2012-10-28T00:00:00.000Z,modifiedBy.3ftgw@example.org
5776881c-1c4e-4e48-8fcb-3d450c6f7bd8,name-5776881,region-5776881,email-5776881,loyaltyTier-5776881,2004-02-29T00:00:00.000Z,createdBy.3ftgx@example.net,2012-07-21T00:00:00.000Z,modifiedBy.3ftgx@example.org
5776882a-a540-4aaf-b053-8224f46643b0,name-5776882,region-5776882,email-5776882,loyaltyTier-5776882,2008-04-16T00:00:00.000Z,createdBy.3ftgy@example.net,2013-11-03T00:00:00.000Z,modifiedBy.3ftgy@example.com
57768836-5913-488f-a0ce-32afe36df2e0,name-5776883,region-5776883,email-5776883,loyaltyTier-5776883,2000-10-29T00:00:00.000Z,createdBy.3ftgz@example.com,2001-03-15T00:00:00.000Z,modifiedBy.3ftgz@example.net
5776884a-33a2-4982-881c-411d12bd70e3,name-5776884,region-5776884,email-5776884,loyaltyTier-5776884,2021-09-14T00:00:00.000Z,createdBy.3fth0@example.org,2015-05-22T00:00:00.000Z,modifiedBy.3fth0@example.com
57768853-5dea-4d7c-91b2-758590751d1a,name-5776885,region-5776885,email-5776885,loyaltyTier-5776885,2011-07-26T00:00:00.000Z,createdBy.3fth1@example.com,2012-07-24T00:00:00.000Z,modifiedBy.3fth1@example.net
5776886c-d303-4db6-8749-25e70828bddf,name-5776886,region-5776886,email-5776886,loyaltyTier-5776886,2021-09-30T00:00:00.000Z,createdBy.3fth2@example.org,2004-11-19T00:00:00.000Z,modifiedBy.3fth2@example.com
57768878-6522-41ba-8a2f-1b04e046b949,name-5776887,region-5776887,email-5776887,loyaltyTier-5776887,2021-06-26T00:00:00.000Z,createdBy.3fth3@example.org,2018-08-31T00:00:00.000Z,modifiedBy.3fth3@example.org
57768886-f824-4737-bbaa-d69d7c2b2d50,name-5776888,region-5776888,email-5776888,loyaltyTier-5776888,2016-08-03T00:00:00.000Z,createdBy.3fth4@example.org,2012-12-06T00:00:00.000Z,modifiedBy.3fth4@example.net
5776889d-826a-4fdd-a655-7155914d7b53,name-5776889,region-5776889,email-5776889,loyaltyTier-5776889,2016-04-28T00:00:00.000Z,createdBy.3fth5@example.net,2002-09-26T00:00:00.000Z,modifiedBy.3fth5@example.com
57768900-a821-431c-ba21-407091aa1348,name-5776890,region-5776890,email-5776890,loyaltyTier-5776890,2002-11-01T00:00:00.000Z,createdBy.3fth6@example.com,2011-09-08T00:00:00.000Z,modifiedBy.3fth6@example.net
57768910-204b-4366-9ca8-7167ef59b554,name-5776891,region-5776891,email-5776891,loyaltyTier-5776891,2020-06-06T00:00:00.000Z,createdBy.3fth7@example.org,2005-04-24T00:00:00.000Z,modifiedBy.3fth7@example.net
57768924-9c24-4175-9446-a16e7e01492c,name-5776892,region-5776892,email-5776892,loyaltyTier-5776892,2017-06-13T00:00:00.000Z,createdBy.3fth8@example.org,2014-06-24T00:00:00.000Z,modifiedBy.3fth8@example.org
57768933-d4e2-4fb1-88c5-297b1a29fd3e,name-5776893,region-5776893,email-5776893,loyaltyTier-5776893,2008-05-12T00:00:00.000Z,createdBy.3fth9@example.net,2020-09-22T00:00:00.000Z,modifiedBy.3fth9@example.net
5776894b-1e90-43c1-80da-fc09463ef3a8,name-5776894,region-5776894,email-5776894,loyaltyTier-5776894,2021-05-06T00:00:00.000Z,createdBy.3ftha@example.org,2020-12-10T00:00:00.000Z,modifiedBy.3ftha@example.net
5776895d-8327-4f00-81b4-563625597da2,name-5776895,region-5776895,email-5776895,loyaltyTier-5776895,2006-12-01T00:00:00.000Z,createdBy.3fthb@example.net,2005-10-14T00:00:00.000Z,modifiedBy.3fthb@example.net
5776896e-40ca-48e4-8d8f-b25f42eb00cf,name-5776896,region-5776896,email-5776896,loyaltyTier-5776896,2021-09-24T00:00:00.000Z,createdBy.3fthc@example.net,2016-04-16T00:00:00.000Z,modifiedBy.3fthc@example.com
57768978-5ebf-4640-98cc-90657cb2c0a0,name-5776897,region-5776897,email-5776897,loyaltyTier-5776897,2009-12-12T00:00:00.000Z,createdBy.3fthd@example.org,2011-12-12T00:00:00.000Z,modifiedBy.3fthd@example.net
57768983-79ae-4881-82a6-8b8324954d66,name-5776898,region-5776898,email-5776898,loyaltyTier-5776898,2005-10-10T00:00:00.000Z,createdBy.3fthe@example.org,2001-04-19T00:00:00.000Z,modifiedBy.3fthe@example.net
57768995-e70f-4026-a599-6369dd6d89fb,name-5776899,region-5776899,email-5776899,loyaltyTier-5776899,2017-11-23T00:00:00.000Z,createdBy.3fthf@example.com,2020-06-20T00:00:00.000Z,modifiedBy.3fthf@example.net
5776900c-e910-4636-bfdc-e53061269000,name-5776900,region-5776900,email-5776900,loyaltyTier-5776900,2001-07-02T00:00:00.000Z,createdBy.3fthg@example.com,2004-07-11T00:00:00.000Z,modifiedBy.3fthg@example.com
5776901c-8ca1-40fa-a3cc-3ea93ba32b01,name-5776901,region-5776901,email-5776901,loyaltyTier-5776901,2003-09-13T00:00:00.000Z,createdBy.3fthh@example.net,2019-04-12T00:00:00.000Z,modifiedBy.3fthh@example.com
57769020-b319-4260-8be7-fe5fd89adb1d,name-5776902,region-5776902,email-5776902,loyaltyTier-5776902,2000-06-02T00:00:00.000Z,createdBy.3fthi@example.com,2022-03-31T00:00:00.000Z,modifiedBy.3fthi@example.net
5776903e-d60a-4935-a37e-7ac4b403277d,name-5776903,region-5776903,email-5776903,loyaltyTier-5776903,2008-12-10T00:00:00.000Z,createdBy.3fthj@example.net,2023-06-01T00:00:00.000Z,modifiedBy.3fthj@example.org
57769048-7360-44e1-9ea9-1fdedc3b63e7,name-5776904,region-5776904,email-5776904,loyaltyTier-5776904,2021-01-01T00:00:00.000Z,createdBy.3fthk@example.com,2018-12-09T00:00:00.000Z,modifiedBy.3fthk@example.com
57769055-be2b-4d00-864c-6d3941e311df,name-5776905,region-5776905,email-5776905,loyaltyTier-5776905,2019-04-06T00:00:00.000Z,createdBy.3fthl@example.net,2021-07-18T00:00:00.000Z,modifiedBy.3fthl@example.org
5776906d-78e4-4c47-91d3-3b40380d3901,name-5776906,region-5776906,email-5776906,loyaltyTier-5776906,2012-06-11T00:00:00.000Z,createdBy.3fthm@example.net,2003-11-12T00:00:00.000Z,modifiedBy.3fthm@example.org
57769079-a91b-4ef0-87c2-e1110c7d1949,name-5776907,region-5776907,email-5776907,loyaltyTier-5776907,2012-04-15T00:00:00.000Z,createdBy.3fthn@example.org,2017-06-11T00:00:00.000Z,modifiedBy.3fthn@example.com
5776908c-9eec-4b1c-a3fb-2fb1336da536,name-5776908,region-5776908,email-5776908,loyaltyTier-5776908,2006-09-16T00:00:00.000Z,createdBy.3ftho@example.net,2007-02-18T00:00:00.000Z,modifiedBy.3ftho@example.net
57769098-3413-41b7-98e6-86512e6b47b2,name-5776909,region-5776909,email-5776909,loyaltyTier-5776909,2019-08-05T00:00:00.000Z,createdBy.3fthp@example.net,2020-05-28T00:00:00.000Z,modifiedBy.3fthp@example.net
5776910a-19ee-440e-8ef3-a1b5d72b3ba3,name-5776910,region-5776910,email-5776910,loyaltyTier-5776910,2023-02-18T00:00:00.000Z,createdBy.3fthq@example.net,2003-01-29T00:00:00.000Z,modifiedBy.3fthq@example.net